create database [SQL Questions 3]

use [SQL Questions 3]

-- Create the Customers table
CREATE TABLE Customers (
    CustomerID INT PRIMARY KEY,
    CustomerName VARCHAR(50),
    Country VARCHAR(50)
);

-- Insert data into Customers table
INSERT INTO Customers (CustomerID, CustomerName, Country)
VALUES 
(1, 'Alice', 'USA'),
(2, 'Bob', 'UK'),
(3, 'Charlie', 'Canada'),
(4, 'David', 'USA'),
(5, 'Eve', 'Australia');

-- Create the Orders table
CREATE TABLE Orders (
    OrderID INT PRIMARY KEY,
    CustomerID INT,
    OrderDate DATE,
    ProductID INT,
    FOREIGN KEY (CustomerID) REFERENCES Customers(CustomerID)
);

-- Insert data into Orders table
INSERT INTO Orders (OrderID, CustomerID, OrderDate, ProductID)
VALUES 
(101, 1, '2024-08-01', 1001),
(102, 1, '2024-08-03', 1002),
(103, 2, '2024-08-04', 1001),
(104, 3, '2024-08-05', 1003),
(105, 5, '2024-08-06', 1004);

-- Create the Products table
CREATE TABLE Products (
    ProductID INT PRIMARY KEY,
    ProductName VARCHAR(50),
    Price DECIMAL(10, 2)
);

-- Insert data into Products table
INSERT INTO Products (ProductID, ProductName, Price)
VALUES 
(1001, 'Laptop', 1000),
(1002, 'Smartphone', 700),
(1003, 'Tablet', 500),
(1004, 'Headphones', 200),
(1005, 'Smartwatch', 300);


SELECT * FROM Products;
SELECT * FROM Customers;
SELECT * FROM Orders;

--1) Identify pairs of customers in the same country

--2) Find the customer who has spent the most on their orders

SELECT * FROM Customers c INNER JOIN Orders o ON c.CustomerID = o.CustomerID INNER JOIN Products p ON p.ProductID = o.ProductID;

--3) Find customers who have ordered more than one type of products
--4) List all products and their corresponding orders, using RIGHT JOIN, including products that have never been ordered 
--5) Retrieve all orders placed bt customers from the USA.
--6) Find the names of customers who have ordered a product priced aboce $500 
--7) Find the customers who have ordered the same product more than once